{"cameraMode":{"drawMode":0,"name":"Shaded","section":"Shading Mode"},"sceneLighting":false,"audioPlay":false,"sceneViewState":{"showFog":true,"showMaterialUpdate":true,"showSkybox":false,"showFlares":true,"showImageEffects":true,"showParticleSystems":true},"in2DMode":false,"pivot":{"x":-2.5467312335968019,"y":4.838356018066406,"z":-7.926414489746094},"rotation":{"x":0.5067275762557983,"y":-0.001468348316848278,"z":0.001091846963390708,"w":0.862257182598114},"size":12.19316291809082,"orthographic":false}