{"cameraMode":{"drawMode":0,"name":"Shaded","section":"Shading Mode"},"sceneLighting":false,"audioPlay":false,"sceneViewState":{"showFog":true,"showMaterialUpdate":true,"showSkybox":false,"showFlares":true,"showImageEffects":true,"showParticleSystems":true},"in2DMode":false,"pivot":{"x":-2.8981330394744875,"y":-3.531399726867676,"z":-15.214335441589356},"rotation":{"x":-0.6326602101325989,"y":0.045899778604507449,"z":-0.03766384348273277,"w":-0.7722024321556091},"size":3.838235855102539,"orthographic":false}