{"cameraMode":{"drawMode":0,"name":"Shaded","section":"Shading Mode"},"sceneLighting":false,"audioPlay":false,"sceneViewState":{"showFog":true,"showMaterialUpdate":true,"showSkybox":false,"showFlares":true,"showImageEffects":true,"showParticleSystems":true},"in2DMode":false,"pivot":{"x":-0.7473044395446777,"y":0.49300557374954226,"z":3.9995477199554445},"rotation":{"x":-0.6923799514770508,"y":0.006269693374633789,"z":-0.0037552625872194769,"w":-0.7220686078071594},"size":9.268227577209473,"orthographic":false}