{"cameraMode":{"drawMode":0,"name":"Shaded","section":"Shading Mode"},"sceneLighting":false,"audioPlay":false,"sceneViewState":{"showFog":true,"showMaterialUpdate":true,"showSkybox":false,"showFlares":true,"showImageEffects":true,"showParticleSystems":true},"in2DMode":false,"pivot":{"x":-2.598078489303589,"y":-0.25000178813934328,"z":2.183013677597046},"rotation":{"x":0.013529123738408089,"y":-0.3981521725654602,"z":-0.9180735945701599,"w":-0.006184866186231375},"size":1.6330149173736573,"orthographic":false}