{"cameraMode":{"drawMode":0,"name":"Shaded","section":"Shading Mode"},"sceneLighting":false,"audioPlay":false,"sceneViewState":{"showFog":true,"showMaterialUpdate":true,"showSkybox":false,"showFlares":true,"showImageEffects":true,"showParticleSystems":true},"in2DMode":false,"pivot":{"x":-0.06349271535873413,"y":0.9331854581832886,"z":-1.346662998199463},"rotation":{"x":0.22943542897701264,"y":-0.056899745017290118,"z":0.013446438126266003,"w":0.9715851545333862},"size":0.8227241039276123,"orthographic":false}