{"cameraMode":{"drawMode":0,"name":"Shaded","section":"Shading Mode"},"sceneLighting":false,"audioPlay":false,"sceneViewState":{"showFog":true,"showMaterialUpdate":true,"showSkybox":false,"showFlares":true,"showImageEffects":true,"showParticleSystems":true},"in2DMode":false,"pivot":{"x":-2.2344231605529787,"y":4.9696269035339359,"z":-16.876468658447267},"rotation":{"x":-0.4875650405883789,"y":0.06613057851791382,"z":-0.03712040185928345,"w":-0.8698256611824036},"size":7.467528820037842,"orthographic":false}