{"cameraMode":{"drawMode":0,"name":"Shaded","section":"Shading Mode"},"sceneLighting":false,"audioPlay":false,"sceneViewState":{"showFog":true,"showMaterialUpdate":true,"showSkybox":false,"showFlares":true,"showImageEffects":true,"showParticleSystems":true},"in2DMode":false,"pivot":{"x":-3.1310667991638185,"y":0.4443734586238861,"z":-3.392529010772705},"rotation":{"x":0.1812075525522232,"y":-0.19279234111309052,"z":0.026498235762119294,"w":0.9646907448768616},"size":2.694000005722046,"orthographic":false}