{"cameraMode":{"drawMode":0,"name":"Shaded","section":"Shading Mode"},"sceneLighting":false,"audioPlay":false,"sceneViewState":{"showFog":true,"showMaterialUpdate":true,"showSkybox":false,"showFlares":true,"showImageEffects":true,"showParticleSystems":true},"in2DMode":false,"pivot":{"x":15.771656036376954,"y":10.734678268432618,"z":-3.129167079925537},"rotation":{"x":-0.6954341530799866,"y":-0.00038022708031348884,"z":0.00045438724919222295,"w":-0.7187678813934326},"size":4.102213382720947,"orthographic":false}