{"cameraMode":{"drawMode":0,"name":"Shaded","section":"Shading Mode"},"sceneLighting":true,"audioPlay":false,"sceneViewState":{"showFog":true,"showMaterialUpdate":true,"showSkybox":false,"showFlares":true,"showImageEffects":true,"showParticleSystems":true},"in2DMode":false,"pivot":{"x":-2.0634589195251467,"y":-35.94049072265625,"z":43.351688385009769},"rotation":{"x":-0.37571001052856448,"y":-0.009907286614179612,"z":0.008570075035095215,"w":-0.9275562763214111},"size":30.054340362548829,"orthographic":false}