{"cameraMode":{"drawMode":0,"name":"Shaded","section":"Shading Mode"},"sceneLighting":false,"audioPlay":false,"sceneViewState":{"showFog":true,"showMaterialUpdate":true,"showSkybox":false,"showFlares":true,"showImageEffects":true,"showParticleSystems":true},"in2DMode":false,"pivot":{"x":1.7986409664154053,"y":1.7560243606567383,"z":-20.643280029296876},"rotation":{"x":-0.02321605198085308,"y":-0.9057804942131043,"z":0.4203859269618988,"w":-0.055191099643707278},"size":10.214609146118164,"orthographic":false}