{"cameraMode":{"drawMode":0,"name":"Shaded","section":"Shading Mode"},"sceneLighting":false,"audioPlay":false,"sceneViewState":{"showFog":true,"showMaterialUpdate":true,"showSkybox":false,"showFlares":true,"showImageEffects":true,"showParticleSystems":true},"in2DMode":false,"pivot":{"x":-1.4824692010879517,"y":2.6750574111938478,"z":-2.6907637119293215},"rotation":{"x":-0.31330934166908266,"y":-0.04537992551922798,"z":0.01734081096947193,"w":-0.9492640495300293},"size":2.2696921825408937,"orthographic":false}