{"cameraMode":{"drawMode":0,"name":"Shaded","section":"Shading Mode"},"sceneLighting":false,"audioPlay":false,"sceneViewState":{"showFog":true,"showMaterialUpdate":true,"showSkybox":false,"showFlares":true,"showImageEffects":true,"showParticleSystems":true},"in2DMode":false,"pivot":{"x":-6.517849445343018,"y":6.144700050354004,"z":-15.975388526916504},"rotation":{"x":-0.3929068446159363,"y":-0.5837926268577576,"z":0.38938266038894656,"w":-0.5949583649635315},"size":3.870349884033203,"orthographic":false}