{"cameraMode":{"drawMode":0,"name":"Shaded","section":"Shading Mode"},"sceneLighting":false,"audioPlay":false,"sceneViewState":{"showFog":true,"showMaterialUpdate":true,"showSkybox":false,"showFlares":true,"showImageEffects":true,"showParticleSystems":true},"in2DMode":false,"pivot":{"x":8.103474617004395,"y":-0.04546833038330078,"z":-15.431869506835938},"rotation":{"x":-0.0667838379740715,"y":0.9259512424468994,"z":-0.31083449721336367,"w":-0.20581848919391633},"size":3.6742353439331056,"orthographic":false}