{"cameraMode":{"drawMode":0,"name":"Shaded","section":"Shading Mode"},"sceneLighting":false,"audioPlay":false,"sceneViewState":{"showFog":true,"showMaterialUpdate":true,"showSkybox":false,"showFlares":true,"showImageEffects":true,"showParticleSystems":true},"in2DMode":false,"pivot":{"x":3.4906623363494875,"y":-0.8633657693862915,"z":-12.397431373596192},"rotation":{"x":-0.3621763288974762,"y":-0.35096922516822817,"z":0.1506410390138626,"w":-0.8507649898529053},"size":2.576732635498047,"orthographic":false}