{"cameraMode":{"drawMode":0,"name":"Shaded","section":"Shading Mode"},"sceneLighting":false,"audioPlay":false,"sceneViewState":{"showFog":true,"showMaterialUpdate":true,"showSkybox":false,"showFlares":true,"showImageEffects":true,"showParticleSystems":true},"in2DMode":false,"pivot":{"x":0.0,"y":0.4831453859806061,"z":17.017000198364259},"rotation":{"x":0.10460004210472107,"y":0.6444421410560608,"z":-0.09078088402748108,"w":0.7524027824401856},"size":1.637026309967041,"orthographic":false}