{"cameraMode":{"drawMode":0,"name":"Shaded","section":"Shading Mode"},"sceneLighting":false,"audioPlay":false,"sceneViewState":{"showFog":true,"showMaterialUpdate":true,"showSkybox":false,"showFlares":true,"showImageEffects":true,"showParticleSystems":true},"in2DMode":false,"pivot":{"x":-0.00000762939453125,"y":0.4999999403953552,"z":20.50002098083496},"rotation":{"x":0.49892765283584597,"y":-0.006733221001923084,"z":0.003974465187638998,"w":0.866751492023468},"size":22.36629295349121,"orthographic":false}